1) лукойл,,,,,,
"ОТЧЕТНОСТЬ ПО МСФО, МЛН. РУБ.",,,,,,
Отчетный период,2013,2014,2015,2016,2017,2018q2
Капитализация,1 688 368,2 126 408,2 363 715,2 415 600,3 300 185,
Капитал,2 655 702,3 049 542,3 231 374,3 227 664,3 490 399,
Обязательства,1 027 313,1 689 411,1 789 233,1 787 009,1 735 816,
Чистый долг,,,602 450,437 223,285 970,
Активы,3 683 015,4 738 953,5 020 607,5 014 673,5 226 215,
Выручка,4 629 611,5 504 856,5 749 050,5 227 045,5 936 705,
Операционная прибыль,,,,419 143,506 516,
Чистая прибыль,256 335,395 525,291 135,207 642,420 422,
EBITDA,,705 386,816 705,730 731,831 600,
Денежный поток,573 154,656 605,729 361,647 936,736 694,
Прибыль на акцию,,,,290.06 ₽,590.17 ₽,
Количество ао,850 563 255,850 563 255,850 563 255,850 563 255,850 563 255,
Цена ао,1985 ₽,2500 ₽,2779 ₽,2840 ₽,3880 ₽,4888.5 ₽
МУЛЬТИПЛИКАТОРЫ,,,,,,
Отчетный период,2013,2014,2015,2016,2017,2018q2
P/E,6.59,5.38,8.12,11.63,7.85,
E/P,15.18%,18.60%,12.32%,8.60%,12.74%,
P/B,0.64,0.70,0.73,0.75,0.95,
P/S,0.36,0.39,0.41,0.46,0.56,
P/CF,2.95,3.24,3.24,3.73,4.48,
L/A,27.89%,35.65%,35.64%,35.64%,33.21%,
NetDebt / EBITDA,,,0.74,0.60,0.34,
EV / EBITDA,,,3.63,3.90,4.31,
РЕНТАБЕЛЬНОСТЬ,,,,,,
Отчетный период,2013,2014,2015,2016,2017,2018q2
ROA,5.75%,7.94%,5.68%,4.06%,8.04%,
ROE,7.34%,11.33%,8.34%,5.95%,12.05%,
ROS,5.54%,7.19%,5.06%,3.97%,7.08%,
,,,,,,
2) сбербанк,,,,,,
"ОТЧЕТНОСТЬ ПО МСФО, МЛН. РУБ.",,,,,,
Отчетный период,2014,2015,2016,2017,2018q2,
Капитализация,1 610 736,3 036 053,3 486 563,6 275 728,,
Капитал,2 020 100,2 375 000,2 821 600,3 436 000,,
Обязательства,23 180 700,24 959 700,22 546 900,23 676 200,,
Активы,25 200 800,27 334 700,25 368 500,27 112 200,,
Выручка,,3 083 600,3 128 900,3 346 100,,
Чистая прибыль,290 300,222 900,541 900,748 700,,
Денежный поток,727 600,892 900,942 200,1 193 100,,
Прибыль на акцию,,,25.00 ₽,34.58 ₽,,
Количество ао,21 586 948 000,21 586 948 000,21 586 948 000,21 586 948 000,,
Количество ап,1 000 000 000,1 000 000 000,1 000 000 000,1 000 000 000,,
Цена ао,72.3 ₽,136.27 ₽,155.59 ₽,279.97 ₽,181 ₽,
Цена ап,50 ₽,94.4 ₽,127.85 ₽,232.03 ₽,156.24 ₽,
МУЛЬТИПЛИКАТОРЫ,,,,,,
Отчетный период,2014,2015,2016,2017,2018q2,
P/E,5.55,13.62,6.43,8.38,,
E/P,18.02%,7.34%,15.54%,11.93%,,
P/B,0.80,1.28,1.24,1.83,,
P/S,,0.98,1.11,1.88,,
P/CF,2.21,3.40,3.70,5.26,,
L/A,91.98%,91.31%,88.88%,87.33%,,
РЕНТАБЕЛЬНОСТЬ,,,,,,
Отчетный период,2014,2015,2016,2017,2018q2,
ROA,1.11%,0.82%,2.07%,2.76%,,
ROE,8.45%,6.49%,15.77%,21.79%,,
ROS,,7.23%,17.32%,22.38%,,
,,,,,,
3) газпром,,,,,,
"ОТЧЕТНОСТЬ ПО МСФО, МЛН. РУБ.",,,,,,
Отчетный период,2013,2014,2015,2016,2017,2018q2
Капитализация,3 337 965,3 408 986,3 279 965,2 784 715,3 444 023,
Капитал,9 634 354,10 120 021,10 914 622,11 441 839,12 015 481,
Обязательства,3 801 882,5 057 449,6 137 418,5 477 099,6 223 289,
Чистый долг,,,2 083 120,1 932 895,2 397 511,
Активы,13 436 236,15 177 470,17 052 040,16 918 938,18 238 770,
Выручка,5 249 965,5 589 811,6 073 318,6 111 051,6 546 143,
Операционная прибыль,,,,725 580,870 623,
Чистая прибыль,1 165 705,157 192,805 199,997 104,766 879,
EBITDA,,1 962 558,1 874 726,1 322 199,1 466 910,
Денежный поток,1 925 841,1 951 578,1 888 258,1 457 214,1 268 924,
Прибыль на акцию,,,,42.19 ₽,32.32 ₽,
Количество ао,23 673 512 900,23 673 512 900,23 673 512 900,23 673 512 900,23 673 512 900,
Цена ао,141 ₽,144 ₽,138.55 ₽,117.63 ₽,145.48 ₽,152.5 ₽
МУЛЬТИПЛИКАТОРЫ,,,,,,
Отчетный период,2013,2014,2015,2016,2017,2018q2
P/E,2.86,21.69,04.07,2.79,4.49,
E/P,34.92%,4.61%,24.55%,35.81%,22.27%,
P/B,0.35,0.34,0.30,0.24,0.29,
P/S,0.64,0.61,0.54,0.46,0.53,
P/CF,1.73,1.75,1.74,1.91,2.71,
L/A,28.30%,33.32%,35.99%,32.37%,34.12%,
NetDebt / EBITDA,,,1.11,1.46,1.63,
EV / EBITDA,,,2.86,3.57,3.98,
РЕНТАБЕЛЬНОСТЬ,,,,,,
Отчетный период,2013,2014,2015,2016,2017,2018q2
ROA,7.36%,0.94%,4.56%,5.67%,4.20%,
ROE,9.70%,1.31%,6.70%,8.30%,6.38%,
ROS,22.20%,2.81%,13.26%,16.32%,11.71%,
,,,,,,
4) новатек,,,,,,
"ОТЧЕТНОСТЬ ПО МСФО, МЛН. РУБ.",,,,,,
Отчетный период,2013,2014,2015,2016,2017,2018q3
Капитализация,1 184 159,1 745 876,1 968 134,1 902 549,2 246 866,
Капитал,373 057,387 124,428 171,657 720,775 659,
Обязательства,224 938,312 015,451 853,306 114,268 503,
Чистый долг,,,329 518,168 464,89 807,
Активы,597 995,699 139,880 024,963 834,1 044 162,
Выручка,298 158,357 643,475 235,537 427,583 186,
Операционная прибыль,,,,225 266,163 751,
Чистая прибыль,110 006,37 296,74 396,265 073,166 470,
EBITDA,,,117 514,242 407,256 464,
Денежный поток,105 133,103 850,128 631,153 957,169 464,
Прибыль на акцию,,,,85.41 ₽,51.85 ₽,
Количество ао,3 036 306 000,3 036 306 000,3 036 306 000,3 036 306 000,3 036 306 000,
Цена ао,390 ₽,575 ₽,648.2 ₽,626.6 ₽,740 ₽,1036.4 ₽
МУЛЬТИПЛИКАТОРЫ,,,,,,
Отчетный период,2013,2014,2015,2016,2017,2018q3
P/E,10.76,46.81,26.45,7.18,13.50,
E/P,9.29%,2.14%,3.78%,13.93%,7.41%,
P/B,3.17,4.51,4.60,2.89,2.90,
P/S,3.97,4.88,4.14,3.54,3.85,
P/CF,11.26,16.81,15.30,12.36,13.26,
L/A,37.62%,44.63%,51.35%,31.76%,25.71%,
NetDebt / EBITDA,,,2.80,0.70,0.35,
EV / EBITDA,,,19.55,8.54,9.11,
РЕНТАБЕЛЬНОСТЬ,,,,,,
Отчетный период,2013,2014,2015,2016,2017,2018q3
ROA,13.40%,4.28%,7.73%,26.40%,15.94%,
ROE,14.18%,4.81%,9.59%,34.17%,21.46%,
ROS,36.90%,10.43%,15.65%,49.32%,28.54%,
,,,,,,
5) норникель,,,,,,
"ОТЧЕТНОСТЬ ПО МСФО, МЛН. РУБ.",,,,,,
Отчетный период,2013,2014,2015,2016,2017,2018кв2
Капитализация,1 083 982,1 497 793,1 423 102,1 348 093,1 759 057,
Капитал,319 130,269 641,164 885,236 501,268 272,
Обязательства,295 616,470 134,809 664,761 764,689 998,
Чистый долг,,,306 935,276 023,472 379,
Активы,614 746,739 775,974 549,998 265,958 270,
Выручка,365 876,456 013,506 140,548 564,536 753,
Операционная прибыль,,,,216 523,185 591,
Чистая прибыль,23 546,93 400,104 056,167 444,127 366,
EBITDA,,,313 104,257 337,236 403,
Денежный поток,113 452,183 485,202 187,192 154,169 449,
Прибыль на акцию,,,,1 068.68 ₽,807.66 ₽,
Количество ао,158 245 476,158 245 476,158 245 476,158 245 476,158 245 476,
Цена ао,6850 ₽,9465 ₽,8993 ₽,8519 ₽,11116 ₽,10650 ₽
МУЛЬТИПЛИКАТОРЫ,,,,,,
Отчетный период,2013,2014,2015,2016,2017,2018кв2
P/E,46.04,16.04,13.68,08.05,13.81,
E/P,2.17%,6.24%,7.31%,12.42%,7.24%,
P/B,3.40,5.55,8.63,5.70,6.56,
P/S,2.96,3.28,2.81,2.46,3.28,
P/CF,9.55,8.16,07.04,07.02,10.38,
L/A,48.09%,63.55%,83.08%,76.31%,72.00%,
NetDebt / EBITDA,,,0.98,01.07,2.00,
EV / EBITDA,,,5.53,6.31,9.44,
РЕНТАБЕЛЬНОСТЬ,,,,,,
Отчетный период,2013,2014,2015,2016,2017,2018кв2
ROA,3.76%,13.79%,12.14%,16.98%,13.02%,
ROE,5.99%,29.27%,38.59%,101.55%,53.85%,
ROS,6.44%,20.48%,20.56%,30.52%,23.73%,
,,,,,,
6) роснефть,,,,,,
"ОТЧЕТНОСТЬ ПО МСФО, МЛН. РУБ.",,,,,,
Отчетный период,2013,2014,2015,2016,2017,2018кв2
Капитализация,2 342 197,2 479 974,3 476 202,3 375 255,4 310 809,
Капитал,3 169 000,2 881 000,2 929 000,3 782 000,4 185 000,
Обязательства,4 333 000,5 855 000,6 650 000,7 335 000,8 044 000,
Чистый долг,,3 190 000,2 764 000,2 702 000,3 690 000,
Активы,7 502 000,8 736 000,9 579 000,11 117 000,12 229 000,
Выручка,4 694 000,5 503 000,5 150 000,4 887 000,5 877 000,
Операционная прибыль,,,,655 000,624 000,
Чистая прибыль,555 000,350 000,356 000,192 000,297 000,
EBITDA,947 000,1 057 000,1 245 000,1 278 000,1 403 000,
Денежный поток,776 000,1 163 000,926 000,688 000,467 000,
Прибыль на акцию,,,,16.42 ₽,20.95 ₽,
Количество ао,10 598 177 817,10 598 177 817,10 598 177 817,10 598 177 817,10 598 177 817,
Цена ао,221 ₽,234 ₽,328 ₽,318.475 ₽,406.75 ₽,453.3 ₽
МУЛЬТИПЛИКАТОРЫ,,,,,,
Отчетный период,2013,2014,2015,2016,2017,2018кв2
P/E,4.22,07.09,9.76,17.58,14.51,
E/P,23.70%,14.11%,10.24%,5.69%,6.89%,
P/B,0.74,0.86,1.19,0.89,01.03,
P/S,0.50,0.45,0.68,0.69,0.73,
P/CF,03.02,2.13,3.75,4.91,9.23,
L/A,57.76%,67.02%,69.42%,65.98%,65.78%,
NetDebt / EBITDA,,03.02,2.22,2.11,2.63,
EV / EBITDA,,5.36,05.01,4.76,5.70,
РЕНТАБЕЛЬНОСТЬ,,,,,,
Отчетный период,2013,2014,2015,2016,2017,2018кв2
ROA,9.67%,4.31%,3.89%,1.86%,2.54%,
ROE,23.90%,11.04%,12.36%,6.56%,7.85%,
ROS,11.82%,6.36%,6.91%,3.93%,5.05%,
,,,,,,
7) татнефть,,,,,,
"ОТЧЕТНОСТЬ ПО МСФО, МЛН. РУБ.",,,,,,
Отчетный период,2013,2014,2015,2016,2017,2018q2
Капитализация,489 921,672 704,731 415,875 041,1 385 052,
Капитал,503 982,582 244,657 658,708 904,718 729,
Обязательства,170 107,150 690,141 033,385 693,388 725,
Чистый долг,,,-6 439,-22 976,4 015,
Активы,674 089,732 934,798 691,1 094 597,1 107 454,
Выручка,454 983,476 360,552 712,580 127,681 159,
Операционная прибыль,,,,144 084,162 575,
Чистая прибыль,78 344,97 677,105 772,106 130,123 892,
EBITDA,,,155 553,165 647,199 063,
Денежный поток,108 032,136 483,148 609,138 323,174 576,
Прибыль на акцию,,,,50.82 ₽,58.55 ₽,
Количество ао,2 178 690 700,2 178 690 700,2 178 690 700,2 178 690 700,2 178 690 700,
Количество ап,147 508 500,147 508 500,147 508 500,147 508 500,147 508 500,
Цена ао,216 ₽,298 ₽,324 ₽,383.4 ₽,607.9 ₽,762.1 ₽
Цена ап,131 ₽,159 ₽,173 ₽,269.35 ₽,411 ₽,532.2 ₽
МУЛЬТИПЛИКАТОРЫ,,,,,,
Отчетный период,2013,2014,2015,2016,2017,2018q2
P/E,6.25,6.89,6.92,8.25,11.18,
E/P,15.99%,14.52%,14.46%,12.13%,8.94%,
P/B,0.97,1.16,1.11,1.23,1.93,
P/S,01.08,1.41,1.32,1.51,02.03,
P/CF,4.54,4.93,4.92,6.33,7.93,
L/A,25.24%,20.56%,17.66%,35.24%,35.10%,
NetDebt / EBITDA,,,-0.04,-0.14,0.02,
EV / EBITDA,,,4.66,5.14,6.98,
РЕНТАБЕЛЬНОСТЬ,,,,,,
Отчетный период,2013,2014,2015,2016,2017,2018q2
ROA,8.80%,10.61%,11.10%,9.64%,11.19%,
ROE,10.90%,13.59%,14.72%,14.77%,17.24%,
ROS,17.22%,20.50%,19.14%,18.29%,18.19%,
,,,,,,
8) магнит,,,,,,
"ОТЧЕТНОСТЬ ПО МСФО, МЛН. РУБ.",,,,,,
Отчетный период,2013,2014,2015,2016,2017,2018q2
Капитализация,938 049,1 115 824,908 829,885 283,480 512,
Капитал,126 162,143 652,165 141,196 077,259 307,
Обязательства,142 018,201 110,239 052,258 839,267 018,
Чистый долг,,,95 837,111 047,108 123,
Активы,268 181,344 761,404 193,454 915,526 325,
Выручка,579 695,763 527,950 613,1 074 812,1 143 314,
Операционная прибыль,,,,295 759,304 643,
Чистая прибыль,35 620,47 686,59 061,54 409,35 539,
EBITDA,,,103 970,107 790,91 780,
Денежный поток,52 578,69 666,87 630,81 168,74 394,
Прибыль на акцию,,,,575.39 ₽,373.68 ₽,
Количество ао,94 561 355,94 561 355,94 561 355,94 561 355,101 911 355,
Цена ао,9920 ₽,11800 ₽,9611 ₽,9362 ₽,4715 ₽,3461 ₽
МУЛЬТИПЛИКАТОРЫ,,,,,,
Отчетный период,2013,2014,2015,2016,2017,2018q2
P/E,26.33,23.40,15.39,16.27,13.52,
E/P,3.80%,4.27%,6.50%,6.15%,7.40%,
P/B,7.44,7.77,5.50,4.52,1.85,
P/S,1.62,1.46,0.96,0.82,0.42,
P/CF,17.84,16.02,10.37,10.91,6.46,
L/A,52.96%,58.33%,59.14%,56.90%,50.73%,
NetDebt / EBITDA,,,0.92,01.03,1.18,
EV / EBITDA,,,9.66,9.24,6.41,
РЕНТАБЕЛЬНОСТЬ,,,,,,
Отчетный период,2013,2014,2015,2016,2017,2018q2
ROA,8.97%,10.95%,12.69%,11.09%,6.75%,
ROE,13.74%,18.39%,22.78%,20.98%,13.71%,
ROS,6.14%,6.25%,6.21%,5.06%,3.11%,
,,,,,,
9) сургутнефтегаз,,,,,,
"ОТЧЕТНОСТЬ ПО МСФО, МЛН. РУБ.",,,,,,
Отчетный период,2013,2014,2015,2016,2017,2018q2
Капитализация,1 140 002,1 504 901,1 424 362,1 156 065,1 294 311,
Капитал,2 062 666,2 909 048,3 582 625,3 445 412,3 613 197,
Обязательства,322 320,397 045,469 134,476 173,626 493,
Чистый долг,,,-105 696,-107 453,-217 501,
Активы,2 384 986,3 306 093,4 051 759,3 921 585,4 239 690,
Выручка,837 734,890 574,1 002 605,1 020 833,1 175 019,
Операционная прибыль,,,,260 529,272 387,
Чистая прибыль,279 070,884 833,761 573,-62 033,194 718,
EBITDA,,,,-52 068,244 503,
Денежный поток,278 133,245 600,299 490,330 448,407 150,
Прибыль на акцию,,,,-1.87 ₽,5.15 ₽,
Количество ао,35 725 994 705,35 725 994 705,35 725 994 705,35 725 994 705,35 725 994 705,
Количество ап,7 701 998 235,7 701 998 235,7 701 998 235,7 701 998 235,7 701 998 235,
Цена ао,26.05 ₽,33.5 ₽,32.205 ₽,26.173 ₽,29.55 ₽,26.38 ₽
Цена ап,27.18 ₽,40 ₽,35.55 ₽,28.695 ₽,30.98 ₽,36.14 ₽
МУЛЬТИПЛИКАТОРЫ,,,,,,
Отчетный период,2013,2014,2015,2016,2017,2018q2
P/E,04.09,1.70,1.87,-18.64,6.65,
E/P,24.48%,58.80%,53.47%,-5.37%,15.04%,
P/B,0.55,0.52,0.40,0.34,0.36,
P/S,1.36,1.69,1.42,1.13,1.10,
P/CF,4.10,6.13,4.76,3.50,3.18,
L/A,13.51%,12.01%,11.58%,12.14%,14.78%,
NetDebt / EBITDA,,,,,-0.89,
EV / EBITDA,,,,,4.40,
РЕНТАБЕЛЬНОСТЬ,,,,,,
Отчетный период,2013,2014,2015,2016,2017,2018q2
ROA,8.43%,23.45%,18.37%,0.00%,4.59%,
ROE,7.72%,24.49%,21.08%,-1.72%,5.39%,
ROS,33.31%,99.36%,75.96%,-6.08%,16.57%,
,,,,,,
10) транснефть,,,,,,
"ОТЧЕТНОСТЬ ПО МСФО, МЛН. РУБ.",,,,,,
Отчетный период,2013,2014,2015,2016,2017,2018q2
Капитализация,526 238,965 834,1 178 176,1 205 517,1 264 443,
Капитал,1 315 039,1 368 863,1 487 956,1 716 355,1 850 754,
Обязательства,801 555,1 105 465,1 171 167,1 050 390,1 036 938,
Чистый долг,,,772 290,626 966,612 748,
Активы,2 116 594,2 474 328,2 659 123,2 766 745,2 887 692,
Выручка,749 617,774 380,815 652,848 134,884 337,
Операционная прибыль,,,,279 694,255 638,
Чистая прибыль,158 017,59 500,143 427,232 907,191 805,
EBITDA,,,371 500,408 780,408 694,
Денежный поток,322 776,273 210,329 237,317 570,327 101,
Прибыль на акцию,,,,41 979.89 ₽,34 472.92 ₽,
Количество ао,5 546 847,5 546 847,5 546 847,5 546 847,5 568 748,
Количество ап,1 554 875,1 554 875,1 554 875,1 554 875,1 554 875,
Цена ао,74100 ₽,136000 ₽,165900 ₽,169750 ₽,177500 ₽,152100 ₽
Цена ап,74100 ₽,136000 ₽,165900 ₽,169750 ₽,177500 ₽,171850 ₽
МУЛЬТИПЛИКАТОРЫ,,,,,,
Отчетный период,2013,2014,2015,2016,2017,2018q2
P/E,3.33,16.23,8.21,5.18,6.59,
E/P,30.03%,6.16%,12.17%,19.32%,15.17%,
P/B,0.40,0.71,0.79,0.70,0.68,
P/S,0.70,1.25,1.44,1.42,1.43,
P/CF,1.63,3.54,3.58,3.80,3.87,
L/A,37.87%,44.68%,44.04%,37.96%,35.91%,
NetDebt / EBITDA,,,02.08,1.53,1.50,
EV / EBITDA,,,5.25,4.48,4.59,
РЕНТАБЕЛЬНОСТЬ,,,,,,
Отчетный период,2013,2014,2015,2016,2017,2018q2
ROA,6.32%,2.22%,5.17%,8.24%,6.64%,
ROE,8.54%,3.21%,7.75%,12.58%,10.36%,
ROS,21.08%,7.68%,17.58%,27.46%,21.69%,
,,,,,,
11) втб,,,,,,
"ОТЧЕТНОСТЬ ПО МСФО, МЛН. РУБ.",,,,,,
Отчетный период,2014,2015,2016,2017,2018кв2,
Капитализация,979 817,873 281,801 091,623 402,,
Капитал,1 131 000,1 454 100,1 412 900,1 479 700,,
Обязательства,11 059 800,12 187 800,11 175 300,11 529 600,,
Активы,12 190 800,13 641 900,12 588 200,13 009 300,,
Чистая прибыль,800,1 700,51 600,120 100,,
Денежный поток,402 900,218 400,173 800,360 100,,
Прибыль на акцию,,,,0.00931 ₽,,
Количество ао,12 960 541 337 338,12 960 541 337 338,12 960 541 337 338,12 960 541 337 338,,
Цена ао,0.0756 ₽,0.06738 ₽,0.06181 ₽,0.0481 ₽,0.03574 ₽,
МУЛЬТИПЛИКАТОРЫ,,,,,,
Отчетный период,2014,2015,2016,2017,2018кв2,
P/E,1 224.77,513.69,15.53,5.19,,
E/P,0.08%,0.19%,6.44%,19.27%,,
P/B,0.87,0.60,0.57,0.42,,
P/CF,2.43,4.00,4.61,1.73,,
L/A,90.72%,89.34%,88.78%,88.63%,,
РЕНТАБЕЛЬНОСТЬ,,,,,,
Отчетный период,2014,2015,2016,2017,2018кв2,
ROA,0.00%,0.01%,0.39%,0.94%,,
ROE,,0.15%,3.55%,8.50%,,
ROS,,,,,,
,,,,,,
12) five,,,,,,
"ОТЧЕТНОСТЬ ПО МСФО, МЛН. РУБ.",,,,,,
Отчетный период,2013,2014,2015,2016,2017,2018q3
Капитализация,192 844,274 044,371 892,593 794,457 600,
Капитал,77 806,90 558,104 718,127 040,158 442,
Обязательства,224 291,260 362,297 397,346 445,406 816,
Чистый долг,102 912,105 363,135 257,137 843,166 691,
Активы,302 097,350 920,402 115,473 485,565 258,
Выручка,534 560,633 873,808 818,1 033 667,1 295 008,
Операционная прибыль,,,,45 631,57 758,
Чистая прибыль,10 984,12 691,14 174,22 291,31 394,
EBITDA,38 350,45 860,59 413,79 519,99 131,
Денежный поток,26 068,30 779,36 893,54 859,70 044,
Прибыль на акцию,,,,328.37 ₽,115.61 ₽,
Количество ао,271 572 872,271 572 872,271 572 872,271 572 872,271 572 872,
Цена ао,710.1 ₽,1009.1 ₽,1369.4 ₽,2186.5 ₽,1685 ₽,1530 ₽
МУЛЬТИПЛИКАТОРЫ,,,,,,
Отчетный период,2013,2014,2015,2016,2017,2018q3
P/E,17.56,21.59,26.24,26.64,14.58,
E/P,5.70%,4.63%,3.81%,3.75%,6.86%,
P/B,2.48,03.03,3.55,4.67,2.89,
P/S,0.36,0.43,0.46,0.57,0.35,
P/CF,7.40,8.90,10.08,10.82,6.53,
L/A,74.24%,74.19%,73.96%,73.17%,71.97%,
NetDebt / EBITDA,2.68,2.30,2.28,1.73,1.68,
EV / EBITDA,7.71,8.27,8.54,9.20,6.30,
РЕНТАБЕЛЬНОСТЬ,,,,,,
Отчетный период,2013,2014,2015,2016,2017,2018q3
ROA,2.53%,2.77%,2.93%,4.29%,5.55%,
ROE,6.93%,8.01%,8.95%,14.07%,19.81%,
ROS,2.05%,2.00%,1.75%,2.16%,2.42%,
,,,,,,
13) яндекс,,,,,,
"ОТЧЕТНОСТЬ ПО МСФО, МЛН. РУБ.",,,,,,
Отчетный период,2013,2014,2015,2016,2017,2018кв2
Капитализация,328 012,246 558,406 500,531 673,722 765,
Капитал,46 597,55 736,70 097,77 086,92 647,
Обязательства,24 172,38 858,41 721,37 022,37 897,
Чистый долг,-33 394,-17 645,3 136,-9 482,-24 828,
Активы,70 769,94 594,111 818,114 108,130 544,
Выручка,39 502,50 767,59 792,75 925,94 054,
Операционная прибыль,,,,12 847,13 036,
Чистая прибыль,13 474,17 020,9 679,6 783,8 656,
EBITDA,17 367,21 052,20 969,26 121,29 075,
Денежный поток,12 502,12 426,14 064,18 648,24 750,
Прибыль на акцию,,,,21.19 ₽,27.02 ₽,
Количество ао,285 203 019,285 203 019,285 203 019,322 616 940,326 304 843,
Цена ао,1150.1 ₽,864.5 ₽,1425.3 ₽,1648 ₽,2215 ₽,1761.5 ₽
МУЛЬТИПЛИКАТОРЫ,,,,,,
Отчетный период,2013,2014,2015,2016,2017,2018кв2
P/E,24.34,14.49,42.00,78.38,83.50,
E/P,4.11%,6.90%,2.38%,1.28%,1.20%,
P/B,07.04,4.42,5.80,6.90,7.80,
P/S,8.30,4.86,6.80,7.00,7.68,
P/CF,26.24,19.84,28.90,28.51,29.20,
L/A,34.16%,41.08%,37.31%,32.44%,29.03%,
NetDebt / EBITDA,-1.92,-0.84,0.15,-0.36,-0.85,
EV / EBITDA,16.96,10.87,19.54,19.99,24.00,
РЕНТАБЕЛЬНОСТЬ,,,,,,
Отчетный период,2013,2014,2015,2016,2017,2018кв2
ROA,0.00%,20.59%,9.38%,6.00%,7.08%,
ROE,,36.53%,17.37%,9.68%,11.23%,
ROS,34.11%,33.53%,16.19%,8.93%,9.20%,
,,,,,,
14) мтс,,,,,,
"ОТЧЕТНОСТЬ ПО МСФО, МЛН. РУБ.",,,,,,
Отчетный период,2013,2014,2015,2016,2017,2018q2
Капитализация,599 260,483 541,512 471,470 819,470 819,
Капитал,156 597,178 622,168 371,143 948,124 205,
Обязательства,321 621,420 682,485 007,400 522,426 865,
Чистый долг,,,312 405,257 193,261 128,
Активы,478 218,599 304,653 378,544 470,551 070,
Выручка,398 443,410 678,426 639,435 692,442 911,
Операционная прибыль,,,93 923,87 669,96 100,
Чистая прибыль,79 839,51 496,47 404,48 450,56 590,
Денежный поток,137 848,162 817,148 553,142 776,149 027,
Прибыль на акцию,,,24.87 ₽,24.35 ₽,28.66 ₽,
Количество ао,2 066 413 562,2 066 413 562,2 066 413 562,1 998 381 575,1 998 381 575,
Цена ао,290 ₽,234 ₽,248 ₽,235.6 ₽,235.6 ₽,258.3 ₽
МУЛЬТИПЛИКАТОРЫ,,,,,,
Отчетный период,2013,2014,2015,2016,2017,2018q2
P/E,7.51,9.39,10.81,9.72,8.32,
E/P,13.32%,10.65%,9.25%,10.29%,12.02%,
P/B,3.83,2.71,03.04,3.27,3.79,
P/S,1.50,1.18,1.20,01.08,01.06,
P/CF,4.35,2.97,3.45,3.30,3.16,
L/A,67.25%,70.20%,74.23%,73.56%,77.46%,
РЕНТАБЕЛЬНОСТЬ,,,,,,
Отчетный период,2013,2014,2015,2016,2017,2018q2
ROA,15.51%,8.95%,7.87%,8.84%,10.27%,
ROE,64.28%,41.46%,38.17%,39.01%,45.56%,
ROS,20.04%,12.54%,11.11%,11.12%,12.78%,
,,,,,,
15) алроса,,,,,,
"ОТЧЕТНОСТЬ ПО МСФО, МЛН. РУБ.",,,,,,
Отчетный период,2013,2014,2015,2016,2017,2018q2
Капитализация,316 694,493 453,516 468,627 642,671 317,
Капитал,159 461,137 174,151 485,256 970,266 487,
Обязательства,195 410,251 075,283 580,215 744,161 294,
Чистый долг,,,202 656,111 925,86 047,
Активы,354 871,388 249,435 065,472 714,427 781,
Выручка,168 505,207 159,224 524,314 336,269 706,
Операционная прибыль,,,,142 965,99 083,
Чистая прибыль,30 917,-17 952,32 192,133 471,78 616,
EBITDA,,,118 498,176 418,126 890,
Денежный поток,57 979,82 461,101 168,139 862,98 722,
Прибыль на акцию,,,,17.84 ₽,10.47 ₽,
Количество ао,7 364 965 630,7 364 965 630,7 364 965 630,7 364 965 630,7 364 965 630,
Цена ао,43 ₽,67 ₽,70.125 ₽,85.22 ₽,91.15 ₽,94.6 ₽
МУЛЬТИПЛИКАТОРЫ,,,,,,
Отчетный период,2013,2014,2015,2016,2017,2018q2
P/E,10.24,-27.49,16.04,4.70,8.54,
E/P,9.76%,-3.64%,6.23%,21.27%,11.71%,
P/B,1.99,3.60,3.41,2.44,2.52,
P/S,1.88,2.38,2.30,2.00,2.49,
P/CF,5.46,5.98,5.11,4.49,6.80,
L/A,55.07%,64.67%,65.18%,45.64%,37.70%,
NetDebt / EBITDA,,,1.71,0.63,0.68,
EV / EBITDA,,,06.07,4.19,5.97,
РЕНТАБЕЛЬНОСТЬ,,,,,,
Отчетный период,2013,2014,2015,2016,2017,2018q2
ROA,7.90%,0.00%,7.46%,29.64%,18.38%,
ROE,11.60%,-6.74%,12.08%,50.09%,29.50%,
ROS,18.35%,-8.67%,14.34%,42.46%,29.15%,
,,,,,,
16) интеррао,,,,,,
"ОТЧЕТНОСТЬ ПО МСФО, МЛН. РУБ.",,,,,,
Отчетный период,2013,2014,2015,2016,2017,2018кв2
Капитализация,93 960,123 192,268 308,398 234,428 301,
Капитал,334 589,349 447,366 245,421 106,461 503,
Обязательства,177 977,243 254,202 764,163 689,177 573,
Чистый долг,,33 325,11 896,-79 276,-125 908,
Активы,512 566,592 701,569 009,584 795,639 076,
Выручка,662 321,741 101,831 987,868 182,917 049,
Операционная прибыль,,,,77 260,56 120,
Чистая прибыль,-24 030,9 774,23 822,61 312,54 448,
EBITDA,,,72 394,96 259,95 471,
Денежный поток,33 030,43 535,61 188,80 018,83 406,
Прибыль на акцию,,,,0.73 ₽,0.65 ₽,
Количество ао,104 400 000 000,104 400 000 000,104 400 000 000,104 400 000 000,104 400 000 000,
Цена ао,0.9 ₽,1.18 ₽,2.57 ₽,3.8145 ₽,4.1025 ₽,3.72 ₽
МУЛЬТИПЛИКАТОРЫ,,,,,,
Отчетный период,2013,2014,2015,2016,2017,2018кв2
P/E,-3.91,12.60,11.26,6.50,7.87,
E/P,-25.57%,7.93%,8.88%,15.40%,12.71%,
P/B,0.28,0.35,0.73,0.95,0.93,
P/S,0.14,0.17,0.32,0.46,0.47,
P/CF,2.84,2.83,4.39,4.98,5.14,
L/A,34.72%,41.04%,35.63%,27.99%,27.79%,
NetDebt / EBITDA,,,0.16,-0.82,-1.32,
EV / EBITDA,,,3.87,3.31,3.17,
РЕНТАБЕЛЬНОСТЬ,,,,,,
Отчетный период,2013,2014,2015,2016,2017,2018кв2
ROA,0.00%,1.77%,4.10%,10.63%,8.90%,
ROE,-6.80%,2.92%,6.82%,16.74%,12.93%,
ROS,-3.63%,1.32%,2.86%,7.06%,5.94%,
,,,,,,
17) полиметал,,,,,,
"ОТЧЕТНОСТЬ ПО МСФО, МЛН. РУБ.",,,,,,
Отчетный период,2013,2014,2015,2016,2017,2018q2
Капитализация,134 444,187 054,399 059,299 573,259 188,
Капитал,58 503,48 916,35 461,59 504,76 267,
Обязательства,48 022,119 701,116 243,106 028,106 261,
Чистый долг,,-8 845,94 616,80 674,82 861,
Активы,106 525,168 616,151 705,165 533,182 528,
Выручка,55 856,95 099,105 031,96 020,105 911,
Операционная прибыль,,,,35 242,29 760,
Чистая прибыль,-6 482,-11 805,16 107,23 959,20 657,
EBITDA,3 791,33 643,47 957,46 039,43 473,
Денежный поток,14 693,34 722,36 739,33 786,35 070,
Прибыль на акцию,,,,56.23 ₽,48.05 ₽,
Количество ао,420 819 943,420 819 943,430 112 661,430 112 661,430 115 480,
Цена ао,319.48 ₽,444.5 ₽,927.8 ₽,696.5 ₽,602.6 ₽,615 ₽
МУЛЬТИПЛИКАТОРЫ,,,,,,
Отчетный период,2013,2014,2015,2016,2017,2018q2
P/E,-20.74,-15.85,24.78,12.50,12.55,
E/P,-4.82%,-6.31%,4.04%,8.00%,7.97%,
P/B,2.30,3.82,11.25,05.03,3.40,
P/S,2.41,1.97,3.80,3.12,2.45,
P/CF,9.15,5.39,10.86,8.87,7.39,
L/A,45.08%,70.99%,76.62%,64.05%,58.22%,
NetDebt / EBITDA,12.10,-0.26,1.97,1.75,1.91,
EV / EBITDA,47.56,5.30,10.29,8.26,7.87,
РЕНТАБЕЛЬНОСТЬ,,,,,,
Отчетный период,2013,2014,2015,2016,2017,2018q2
ROA,0.00%,0.00%,9.64%,13.77%,11.32%,
ROE,-8.50%,-15.48%,21.12%,31.42%,27.08%,
ROS,-11.60%,-12.41%,15.34%,24.95%,19.50%,
,,,,,,
18) северсталь,,,,,,
"ОТЧЕТНОСТЬ ПО МСФО, МЛН. РУБ.",,,,,,
Отчетный период,2013,2014,2015,2016,2017,2018q3
Капитализация,260 824,536 726,625 734,675 034,675 034,
Капитал,228 573,159 066,165 283,184 313,195 713,
Обязательства,246 580,265 828,262 306,208 843,219 528,
Чистый долг,121 692,86 199,58 673,52 134,61 135,
Активы,475 153,424 894,427 589,393 156,415 241,
Выручка,300 246,315 837,386 673,392 144,457 521,
Операционная прибыль,,,,100 459,126 377,
Чистая прибыль,2 731,-53 116,34 436,102 030,145 966,
EBITDA,,,152 762,115 915,150 454,
Денежный поток,50 102,71 626,116 508,111 131,129 556,
Прибыль на акцию,3.12 ₽,-65.48 ₽,42.61 ₽,125.97 ₽,174.96 ₽,
Количество ао,837 718 660,837 718 660,837 718 660,837 718 660,837 718 660,
Цена ао,311.35 ₽,640.7 ₽,746.95 ₽,805.8 ₽,805.8 ₽,994.5 ₽
МУЛЬТИПЛИКАТОРЫ,,,,,,
Отчетный период,2013,2014,2015,2016,2017,2018q3
P/E,95.52,-10.10,18.17,6.62,4.62,
E/P,1.05%,-9.90%,5.50%,15.11%,21.62%,
P/B,1.14,3.37,3.79,3.66,3.45,
P/S,0.87,1.70,1.62,1.72,1.48,
P/CF,5.21,7.49,5.37,06.07,5.21,
L/A,51.89%,62.56%,61.35%,53.12%,52.87%,
NetDebt / EBITDA,,,0.38,0.45,0.41,
EV / EBITDA,,,4.48,6.27,4.89,
РЕНТАБЕЛЬНОСТЬ,,,,,,
Отчетный период,2013,2014,2015,2016,2017,2018q3
ROA,0.61%,0.00%,8.17%,25.24%,35.15%,
ROE,1.40%,-27.14%,17.60%,52.13%,74.58%,
ROS,0.91%,-16.82%,8.91%,26.02%,31.90%,
,,,,,,
19) юнипро,,,,,,
"ОТЧЕТНОСТЬ ПО МСФО, МЛН. РУБ.",,,,,,
Отчетный период,2013,2014,2015,2016,2017,2018кв2
Капитализация,163 927,176 536,176 536,153 524,174 897,
Капитал,119 347,113 994,110 108,94 512,113 536,
Обязательства,11 396,13 705,16 658,14 626,13 441,
Чистый долг,,,-9 363,583,-3 058,
Активы,130 743,127 699,126 765,109 139,126 977,
Выручка,78 781,77 693,76 706,78 032,76 522,
Операционная прибыль,,,,6 718,41 187,
Чистая прибыль,14 375,16 813,13 790,5 167,33 605,
EBITDA,,,24 890,17 671,47 475,
Денежный поток,25 865,23 640,23 209,27 169,37 422,
Прибыль на акцию,,,,0.082 ₽,0.53 ₽,
Количество ао,63 048 706 145,63 048 706 145,63 048 706 145,63 048 706 145,63 048 706 145,
Цена ао,2.6 ₽,2.8 ₽,2.8 ₽,2.435 ₽,2.774 ₽,2.759 ₽
МУЛЬТИПЛИКАТОРЫ,,,,,,
Отчетный период,2013,2014,2015,2016,2017,2018кв2
P/E,11.40,10.50,12.80,29.71,5.20,
E/P,8.77%,9.52%,7.81%,3.37%,19.21%,
P/B,1.37,1.55,1.60,1.62,1.54,
P/S,02.08,2.27,2.30,1.97,2.29,
P/CF,6.34,7.47,7.61,5.65,4.67,
L/A,8.72%,10.73%,13.14%,13.40%,10.59%,
NetDebt / EBITDA,,,-0.38,0.03,-0.06,
EV / EBITDA,,,6.72,8.72,3.62,
РЕНТАБЕЛЬНОСТЬ,,,,,,
Отчетный период,2013,2014,2015,2016,2017,2018кв2
ROA,10.88%,13.01%,10.84%,4.38%,28.47%,
ROE,11.71%,14.09%,12.10%,4.69%,35.56%,
ROS,18.25%,21.64%,17.98%,6.62%,43.92%,
,,,,,,
20) детский мир,,,,,,
"ОТЧЕТНОСТЬ ПО МСФО, МЛН. РУБ.",,,,,,
Отчетный период,2013,2014,2015,2016,2017,2018q2
Капитализация,66 510,66 510,66 510,68 328,67 766,
Капитал,-2 098,2 646,395,-454,-522,
Обязательства,17 522,24 197,38 799,45 183,44 265,
Чистый долг,,,16 425,12 193,10 436,
Активы,15 424,26 843,39 194,44 729,43 743,
Выручка,,45 446,60 544,79 547,97 003,
Операционная прибыль,,,,6 604,8 024,
Чистая прибыль,,2 043,976,3 820,4 844,
EBITDA,2 771,4 911,5 123,8 203,10 663,
Денежный поток,,3 132,3 623,6 208,8 203,
Прибыль на акцию,,,,5.17 ₽,6.56 ₽,
Количество ао,739 000 000,739 000 000,739 000 000,739 000 000,739 000 000,
Цена ао,90 ₽,90 ₽,90 ₽,92.46 ₽,91.7 ₽,87.85 ₽
МУЛЬТИПЛИКАТОРЫ,,,,,,
Отчетный период,2013,2014,2015,2016,2017,2018q2
P/E,,32.56,68.16,17.89,13.99,
E/P,,3.07%,1.47%,5.59%,7.15%,
P/B,-31.70,25.13,168.58,-150.50,-129.82,
P/S,,1.46,1.10,0.86,0.70,
P/CF,,21.24,18.36,11.01,8.26,
L/A,113.60%,90.14%,98.99%,101.02%,101.19%,
NetDebt / EBITDA,,,3.21,1.49,0.98,
EV / EBITDA,,,16.19,9.82,7.33,
РЕНТАБЕЛЬНОСТЬ,,,,,,
Отчетный период,2013,2014,2015,2016,2017,2018q2
ROA,,5.79%,2.35%,8.64%,11.07%,
ROE,,0.00%,0.00%,0.00%,0.00%,
ROS,,4.49%,1.61%,4.80%,4.99%,
,,,,,,
21) пик,,,,,,
"ОТЧЕТНОСТЬ ПО МСФО, МЛН. РУБ.",,,,,,
Отчетный период,2013,2014,2015,2016,2017,2018кв2
Капитализация,52 179,116 248,165 455,194 516,209 378,
Капитал,20 623,21 313,32 747,53 895,56 148,
Обязательства,96 608,75 635,73 958,302 381,322 040,
Чистый долг,,,-3 858,40 719,15 034,
Активы,117 231,96 948,106 705,356 276,378 188,
Выручка,0,61 260,51 132,57 734,175 134,
Операционная прибыль,,,,23 509,9 152,
Чистая прибыль,0,3 792,11 449,19 061,3 154,
EBITDA,,,13 709,11 102,15 648,
Денежный поток,0,7 038,9 591,10 024,3 323,
Прибыль на акцию,,,,28.28 ₽,4.82 ₽,
Количество ао,660 497 344,660 497 344,660 497 344,660 497 344,660 497 344,
Цена ао,79 ₽,176 ₽,250.5 ₽,294.5 ₽,317 ₽,346.6 ₽
МУЛЬТИПЛИКАТОРЫ,,,,,,
Отчетный период,2013,2014,2015,2016,2017,2018кв2
P/E,0.00,30.66,14.45,10.20,66.38,
E/P,0.00%,3.26%,6.92%,9.80%,1.51%,
P/B,2.53,5.45,05.05,3.61,3.73,
P/S,0.00,1.90,3.24,3.37,1.20,
P/CF,0.00,16.52,17.25,19.41,63.01,
L/A,82.41%,78.02%,69.31%,84.87%,85.15%,
NetDebt / EBITDA,,,-0.28,3.67,0.96,
EV / EBITDA,,,11.79,21.19,14.34,
РЕНТАБЕЛЬНОСТЬ,,,,,,
Отчетный период,2013,2014,2015,2016,2017,2018кв2
ROA,0.00%,3.54%,11.24%,8.23%,0.86%,
ROE,0.00%,18.39%,53.72%,58.21%,5.85%,
ROS,0.00%,6.19%,22.39%,33.02%,1.80%,
,,,,,,
22) аэтофлот,,,,,,
"ОТЧЕТНОСТЬ ПО МСФО, МЛН. РУБ.",,,,,,
Отчетный период,2013,2014,2015,2016,2017,2018кв2
Капитализация,58 863,42 759,95 069,220 457,160 817,
Капитал,54 480,-13 505,-36 120,40 769,67 299,
Обязательства,154 704,291 223,351 314,258 538,256 031,
Чистый долг,67 217,146 632,197 119,106 113,49 883,
Активы,209 184,277 718,315 194,299 307,323 330,
Выручка,290 956,319 771,415 173,495 880,532 934,
Операционная прибыль,,,,63 254,40 411,
Чистая прибыль,7 335,-17 146,-6 494,38 826,23 060,
EBITDA,,,58 703,78 004,56 015,
Денежный поток,28 693,24 740,52 314,64 162,51 790,
Прибыль на акцию,,,,35.43 ₽,21.34 ₽,
Количество ао,1 110 616 299,1 110 616 299,1 110 616 299,1 110 616 299,1 110 616 299,
Цена ао,53 ₽,38.5 ₽,85.6 ₽,198.5 ₽,144.8 ₽,91.6 ₽
МУЛЬТИПЛИКАТОРЫ,,,,,,
Отчетный период,2013,2014,2015,2016,2017,2018кв2
P/E,08.03,-2.49,-14.64,5.68,6.97,
E/P,12.46%,-40.10%,-6.83%,17.61%,14.34%,
P/B,01.08,-3.17,-2.63,5.41,2.39,
P/S,0.20,0.13,0.23,0.44,0.30,
P/CF,02.05,1.73,1.82,3.44,3.11,
L/A,73.96%,104.86%,111.46%,86.38%,79.19%,
NetDebt / EBITDA,,,3.36,1.36,0.89,
EV / EBITDA,,,4.98,4.19,3.76,
РЕНТАБЕЛЬНОСТЬ,,,,,,
Отчетный период,2013,2014,2015,2016,2017,2018кв2
ROA,3.68%,0.00%,0.00%,12.64%,7.41%,
ROE,14.85%,-31.47%,0.00%,0.00%,56.56%,
ROS,2.52%,-5.36%,-1.56%,7.83%,4.33%,
,,,,,,
23) ростелеком,,,,,,
"ОТЧЕТНОСТЬ ПО МСФО, МЛН. РУБ.",,,,,,
Отчетный период,2013,2014,2015,2016,2017,2018кв2
Капитализация,237 879,237 669,243 128,187 639,197 824,
Капитал,199 756,245 227,249 664,248 633,249 364,
Обязательства,343 569,303 407,301 656,307 049,310 865,
Чистый долг,,,179 389,182 848,187 557,
Активы,543 325,548 634,551 320,555 682,560 229,
Выручка,325 704,298 937,297 355,297 446,305 329,
Операционная прибыль,,,,39 836,37 885,
Чистая прибыль,24 131,37 807,14 391,12 249,14 050,
OIBDA,,,100 839,96 772,96 897,
Денежный поток,93 881,85 802,78 378,71 862,72 152,
Прибыль на акцию,,,,5.24 ₽,6.09 ₽,
Количество ао,2 574 914 954,2 574 914 954,2 574 914 954,2 574 914 954,2 574 914 954,
Количество ап,209 565 147,209 565 147,209 565 147,209 565 147,209 565 147,
Цена ао,87.5 ₽,87.5 ₽,88.95 ₽,68.42 ₽,71.66 ₽,69.77 ₽
Цена ап,60 ₽,59 ₽,67.23 ₽,54.7 ₽,63.49 ₽,59.5 ₽
МУЛЬТИПЛИКАТОРЫ,,,,,,
Отчетный период,2013,2014,2015,2016,2017,2018кв2
P/E,9.86,6.29,16.89,15.32,14.08,
E/P,10.14%,15.91%,5.92%,6.53%,7.10%,
P/B,1.19,0.97,0.97,0.75,0.79,
P/S,0.73,0.80,0.82,0.63,0.65,
P/CF,2.53,2.77,3.10,2.61,2.74,
L/A,63.23%,55.30%,54.72%,55.26%,55.49%,
NetDebt / OIBDA,,,1.78,1.89,1.94,
EV / OIBDA,,,5.33,05.07,5.21,
РЕНТАБЕЛЬНОСТЬ,,,,,,
Отчетный период,2013,2014,2015,2016,2017,2018кв2
ROA,4.35%,6.92%,2.62%,2.21%,2.52%,
ROE,10.10%,18.93%,5.87%,4.91%,5.65%,
ROS,7.41%,12.65%,4.84%,4.12%,4.60%,
,,,,,,
24) нлмк,,,,,,
"ОТЧЕТНОСТЬ ПО МСФО, МЛН. РУБ.",,,,,,
Отчетный период,2013,2014,2015,2016,2017,2018q3
Капитализация,279 284,464 475,533 757,722 184,941 536,
Капитал,340 335,351 979,374 438,382 793,382 764,
Обязательства,198 159,230 251,275 626,238 258,250 581,
Чистый долг,,124 852,170 048,100 627,114 066,
Активы,538 494,582 230,650 063,621 051,633 345,
Выручка,344 022,395 954,485 371,508 159,587 146,
Операционная прибыль,,,84 351,97 923,118 590,
Чистая прибыль,5 265,23 638,58 669,61 280,84 782,
EBITDA,,134 064,141 975,117 674,155 521,
Денежный поток,36 028,55 935,73 047,88 895,130 644,
Прибыль на акцию,,,,10.19 ₽,14.13 ₽,
Количество ао,5 993 227 240,5 993 227 240,5 993 227 240,5 993 227 240,5 993 227 240,
Цена ао,46.6 ₽,77.5 ₽,89.06 ₽,120.5 ₽,157.1 ₽,158.72 ₽
МУЛЬТИПЛИКАТОРЫ,,,,,,
Отчетный период,2013,2014,2015,2016,2017,2018q3
P/E,53.04,19.65,9.10,11.79,11.11,
E/P,1.89%,5.09%,10.99%,8.49%,9.00%,
P/B,0.82,1.32,1.43,1.89,2.46,
P/S,0.81,1.17,1.10,1.42,1.60,
P/CF,7.75,8.30,7.31,8.12,7.21,
L/A,36.80%,39.55%,42.40%,38.36%,39.56%,
NetDebt / EBITDA,,0.93,1.20,0.86,0.73,
EV / EBITDA,,4.40,4.96,6.99,6.79,
РЕНТАБЕЛЬНОСТЬ,,,,,,
Отчетный период,2013,2014,2015,2016,2017,2018q3
ROA,0.90%,3.89%,9.14%,9.77%,13.39%,
ROE,1.38%,6.18%,15.33%,16.01%,22.15%,
ROS,1.53%,5.97%,12.09%,12.06%,14.44%,
,,,,,,
25) сафмар,,,,,,
"ОТЧЕТНОСТЬ ПО МСФО, МЛН. РУБ.",,,,,,
Отчетный период,2013,2014,2015,2016,2017,2018q2
Капитализация,12 637,13 327,55 590,87 301,61 959,
Капитал,6 746,9 926,10 656,78 348,84 568,
Обязательства,34 865,37 223,26 901,215 556,232 349,
Активы,41 610,47 149,37 557,293 903,316 917,
Операционная прибыль,,,,7 205,14 076,
Чистая прибыль,1 245,1 784,1 415,3 310,8 264,
Денежный поток,1 984,4 198,4 339,4 555,13 290,
Прибыль на акцию,,,,29.65 ₽,74.88 ₽,
Количество ао,22 977 000,22 977 000,88 660 791,111 637 791,111 637 791,
Цена ао,550 ₽,580 ₽,627 ₽,782 ₽,555 ₽,640 ₽
МУЛЬТИПЛИКАТОРЫ,,,,,,
Отчетный период,2013,2014,2015,2016,2017,2018q2
P/E,10.15,7.47,39.29,26.37,7.50,
E/P,9.85%,13.39%,2.55%,3.79%,13.34%,
P/B,1.87,1.34,5.22,1.11,0.73,
P/CF,6.37,3.17,12.81,19.17,4.66,
L/A,83.79%,78.95%,71.63%,73.34%,73.32%,
РЕНТАБЕЛЬНОСТЬ,,,,,,
Отчетный период,2013,2014,2015,2016,2017,2018q2
ROA,0.69%,0.98%,0.80%,1.08%,2.61%,
ROE,1.47%,2.11%,1.67%,3.91%,9.77%,
ROS,17.00%,22.71%,18.72%,,,
,,,,,,
26) мвидео,,,,,,
"ОТЧЕТНОСТЬ ПО МСФО, МЛН. РУБ.",,,,,,
Отчетный период,2013,2014,2015,2016,2017,2018q2
Капитализация,44 223,34 515,55 926,71 853,75 143,
Капитал,14 201,14 348,13 995,15 951,23 154,
Обязательства,58 278,77 170,73 612,84 350,98 371,
Чистый долг,,,-11 779,-18 763,-17 791,
Активы,72 479,91 518,87 607,100 301,121 525,
Выручка,148 042,172 712,161 691,183 219,198 197,
Операционная прибыль,,,,6 684,8 180,
Чистая прибыль,5 729,8 174,4 547,5 546,6 954,
EBITDA,,,8 830,10 344,11 800,
Денежный поток,7 783,11 698,7 311,8 878,9 773,
Прибыль на акцию,,,,30.89 ₽,38.85 ₽,
Количество ао,179 768 227,179 768 227,179 768 227,179 768 227,179 768 227,
Цена ао,246 ₽,192 ₽,311.1 ₽,399.7 ₽,418 ₽,408 ₽
МУЛЬТИПЛИКАТОРЫ,,,,,,
Отчетный период,2013,2014,2015,2016,2017,2018q2
P/E,7.72,4.22,12.30,12.96,10.81,
E/P,12.95%,23.68%,8.13%,7.72%,9.25%,
P/B,3.11,2.41,4.00,4.50,3.25,
P/S,0.30,0.20,0.35,0.39,0.38,
P/CF,5.68,2.95,7.65,08.09,7.69,
L/A,80.41%,84.32%,84.03%,84.10%,80.95%,
NetDebt / EBITDA,,,-1.33,-1.81,-1.51,
EV / EBITDA,,,5.00,5.13,4.86,
РЕНТАБЕЛЬНОСТЬ,,,,,,
Отчетный период,2013,2014,2015,2016,2017,2018q2
ROA,5.91%,7.67%,4.35%,5.00%,5.72%,
ROE,24.74%,35.30%,19.64%,23.95%,30.03%,
ROS,3.87%,4.73%,2.81%,3.03%,3.51%,
,,,,,,
27) систмеа,,,,,,
"ОТЧЕТНОСТЬ ПО МСФО, МЛН. РУБ.",,,,,,
Отчетный период,2013,2014,2015,2016,2017,2018q2
Капитализация,405 300,197 825,209 598,116 958,114 449,
Капитал,466 954,233 707,245 597,216 971,122 823,
Обязательства,936 688,903 234,1 046 196,887 118,1 014 826,
Чистый долг,,,433 985,417 936,475 860,
Активы,1 403 642,1 136 941,1 291 793,1 104 089,1 137 649,
Выручка,1 176 384,646 269,678 821,697 705,704 551,
Чистая прибыль,73 889,-128 318,46 374,9 159,-66 528,
OIBDA,,165 335,176 438,184 800,199 549,
Денежный поток,236 730,207 016,154 201,135 334,137 275,
Прибыль на акцию,,,,-1.25 ₽,-10.01 ₽,
Количество ао,9 650 000 000,9 650 000 000,9 650 000 000,9 650 000 000,9 650 000 000,
Цена ао,42 ₽,20.5 ₽,21.72 ₽,12.12 ₽,11.86 ₽,7.65 ₽
МУЛЬТИПЛИКАТОРЫ,,,,,,
Отчетный период,2013,2014,2015,2016,2017,2018q2
P/E,5.49,-1.54,4.52,12.77,-1.72,
E/P,18.23%,-64.86%,22.13%,7.83%,-58.13%,
P/B,0.87,0.85,0.85,0.54,0.93,
P/S,0.34,0.31,0.31,0.17,0.16,
P/CF,1.71,0.96,1.36,0.86,0.83,
L/A,66.73%,79.44%,80.99%,80.35%,89.20%,
NetDebt / OIBDA,,,2.46,2.26,2.38,
EV / OIBDA,,,6.42,5.11,5.36,
РЕНТАБЕЛЬНОСТЬ,,,,,,
Отчетный период,2013,2014,2015,2016,2017,2018q2
ROA,5.82%,0.00%,3.82%,0.82%,0.00%,
ROE,60.16%,-104.47%,37.76%,7.46%,-54.17%,
ROS,6.28%,-19.86%,6.83%,1.31%,-9.44%,
,,,,,,
28) мкб,,,,,,
"ОТЧЕТНОСТЬ ПО МСФО, МЛН. РУБ.",,,,,,
Отчетный период,2014,2015,2016,2017,2018кв2,
Капитализация,87 161,95 041,107 005,131 228,,
Капитал,59 987,92 338,103 401,177 589,,
Обязательства,524 852,1 115 862,1 464 568,1 710 602,,
Активы,584 839,1 208 201,1 567 969,1 888 191,,
Операционная прибыль,,,28 954,43 837,,
Чистая прибыль,5 569,1 509,10 874,20 703,,
Денежный поток,25 505,21 490,39 920,59 931,,
Прибыль на акцию,,,0.455 ₽,0.85 ₽,,
Количество ао,23 879 709 866,23 879 709 866,23 879 709 866,27 079 709 866,,
Цена ао,3.65 ₽,3.98 ₽,4.481 ₽,4.846 ₽,4.95 ₽,
МУЛЬТИПЛИКАТОРЫ,,,,,,
Отчетный период,2014,2015,2016,2017,2018кв2,
P/E,15.65,62.96,9.84,6.34,,
E/P,6.39%,1.59%,10.16%,15.78%,,
P/B,1.45,01.03,01.03,0.74,,
P/CF,3.42,4.42,2.68,2.19,,
L/A,89.74%,92.36%,93.41%,90.59%,,
РЕНТАБЕЛЬНОСТЬ,,,,,,
Отчетный период,2014,2015,2016,2017,2018кв2,
ROA,0.00%,0.17%,0.78%,1.20%,,
ROE,0.00%,2.52%,11.78%,20.02%,,
ROS,0.00%,,,,,
,,,,,,
29) полюс,,,,,,
"ОТЧЕТНОСТЬ ПО МСФО, МЛН. РУБ.",,,,,,
Отчетный период,2013,2014,2015,2016,2017,2018кв2
Капитализация,61 222,221 546,597 040,503 789,577 986,
Капитал,130 519,101 206,149 206,-25 129,37 781,
Обязательства,55 436,180 098,223 217,368 825,333 560,
Чистый долг,,,26 515,196 598,177 238,
Активы,185 955,281 304,372 423,343 696,371 341,
Выручка,74 126,86 342,133 866,163 273,158 683,
Операционная прибыль,,,,90 816,84 699,
Чистая прибыль,4 425,-22 027,62 297,95 263,72 191,
EBITDA,,,93 144,93 169,99 189,
Денежный поток,23 143,29 787,59 729,71 738,66 162,
Прибыль на акцию,,,,665.44 ₽,561.18 ₽,
Количество ао,127 545 429,127 545 429,127 545 429,127 545 429,133 561 119,
Цена ао,480 ₽,1737 ₽,4681 ₽,3949.88 ₽,4327.5 ₽,4137 ₽
МУЛЬТИПЛИКАТОРЫ,,,,,,
Отчетный период,2013,2014,2015,2016,2017,2018кв2
P/E,13.84,-10.06,9.58,5.29,08.01,
E/P,7.23%,-9.94%,10.43%,18.91%,12.49%,
P/B,0.47,2.19,4.00,-20.05,15.30,
P/S,0.83,2.57,4.46,03.09,3.64,
P/CF,2.65,7.44,10.00,07.02,8.74,
L/A,29.81%,64.02%,59.94%,107.31%,89.83%,
NetDebt / EBITDA,,,0.28,2.11,1.79,
EV / EBITDA,,,6.69,7.52,7.61,
РЕНТАБЕЛЬНОСТЬ,,,,,,
Отчетный период,2013,2014,2015,2016,2017,2018кв2
ROA,2.52%,0.00%,19.06%,26.61%,20.19%,
ROE,3.41%,-16.88%,61.55%,63.85%,0.00%,
ROS,5.97%,-25.51%,46.54%,58.35%,45.49%,
,,,,,,
30) русал,,,,,,
"ОТЧЕТНОСТЬ ПО МСФО, МЛН. РУБ.",,,,,,
Отчетный период,2013,2014,2015,2016,2017,2018кв2
Капитализация,562 142,434 064,328 929,467 185,380 129,
Капитал,206 819,125 850,101 380,200 107,259 320,
Обязательства,439 845,709 981,832 175,676 506,661 138,
Чистый долг,290 777,482 697,610 174,510 792,446 283,
Активы,646 663,835 831,933 555,876 614,920 459,
Выручка,308 175,526 410,632 622,484 224,581 720,
Операционная прибыль,,,,64 782,88 871,
Чистая прибыль,-104 893,-5 120,40 669,71 514,71 307,
EBITDA,20 556,85 175,146 859,90 318,123 708,
Денежный поток,-1 105,43 769,98 683,59 868,90 039,
Прибыль на акцию,-6.90 ₽,-0.34 ₽,2.68 ₽,4.71 ₽,4.69 ₽,
Количество ао,15 193 014 862,15 193 014 862,15 193 014 862,15 193 014 862,15 193 014 862,
Цена ао,37 ₽,28.57 ₽,21.65 ₽,30.75 ₽,25.02 ₽,28.25 ₽
МУЛЬТИПЛИКАТОРЫ,,,,,,
Отчетный период,2013,2014,2015,2016,2017,2018кв2
P/E,-5.36,-84.79,08.09,6.53,5.33,
E/P,-18.66%,-1.18%,12.36%,15.31%,18.76%,
P/B,2.72,3.45,3.24,2.33,1.47,
P/S,1.82,0.82,0.52,0.96,0.65,
P/CF,-508.66,9.92,3.33,7.80,4.22,
L/A,68.02%,84.94%,89.14%,77.17%,71.83%,
NetDebt / EBITDA,14.15,5.67,4.15,5.66,3.61,
EV / EBITDA,41.49,10.76,6.39,10.83,6.68,
РЕНТАБЕЛЬНОСТЬ,,,,,,
Отчетный период,2013,2014,2015,2016,2017,2018кв2
ROA,0.00%,0.00%,4.60%,7.90%,7.94%,
ROE,,-2.48%,32.32%,70.54%,35.63%,
ROS,-34.04%,-0.97%,6.43%,14.77%,12.26%,
,,,,,,
31) фск еес,,,,,,
,,,,,,
Отчетный период,2013,2014,2015,2016,2017,2018q2
Капитализация,72 401,83 491,202 289,216 056,222 811,
Капитал,548 297,573 231,619 638,728 417,800 239,
Обязательства,370 205,361 944,375 690,368 693,382 245,
Чистый долг,,,253 366,222 210,215 315,
Активы,918 502,935 175,995 328,1 097 110,1 182 484,
Выручка,157 970,175 968,187 041,255 603,242 186,
Операционная прибыль,,,,,83 021,
Чистая прибыль,-234 771,-20 601,44 098,68 382,72 650,
EBITDA,92 551,107 676,104 400,116 700,126 400,
Денежный поток,76 587,87 030,89 915,125 647,109 013,
Прибыль на акцию,,,,0.05405 ₽,0.05776 ₽,
Количество ао,1 274 665 323 063,1 274 665 323 063,1 274 665 323 063,1 274 665 323 063,1 274 665 323 063,
Цена ао,0.0568 ₽,0.0655 ₽,0.1587 ₽,0.1695 ₽,0.1748 ₽,0.149 ₽
МУЛЬТИПЛИКАТОРЫ,,,,,,
Отчетный период,2013,2014,2015,2016,2017,2018q2
P/E,-0.31,-4.05,4.59,3.16,03.07,
E/P,-324.26%,-24.67%,21.80%,31.65%,32.61%,
P/B,0.13,0.15,0.33,0.30,0.28,
P/S,0.46,0.47,01.08,0.85,0.92,
P/CF,0.95,0.96,2.25,1.72,02.04,
L/A,40.31%,38.70%,37.75%,33.61%,32.33%,
NetDebt / EBITDA,3.77,2.97,2.43,1.90,1.70,
EV / EBITDA,4.55,3.75,4.36,3.76,3.47,
РЕНТАБЕЛЬНОСТЬ,,,,,,
Отчетный период,2013,2014,2015,2016,2017,2018q2
ROA,0.00%,0.00%,4.05%,6.00%,6.14%,
ROE,-29.34%,-2.57%,5.51%,8.55%,9.08%,
ROS,-148.62%,-11.71%,23.58%,26.75%,30.00%,
,,,,,,
32) мечел,,,,,,
,,,,,,
Отчетный период,2013,2014,2015,2016,2017,2018q2
Капитализация,21 614,33 780,28 771,74 696,73 777,
Капитал,26 571,-148 785,-261 854,-252 588,-244 133,
Обязательства,426 233,526 475,603 926,578 053,563 260,
Чистый долг,,,492 903,444 120,437 441,
Активы,452 804,377 690,342 072,325 465,319 127,
Выручка,280 707,243 992,253 141,276 009,299 113,
Операционная прибыль,,,,,57 167,
Чистая прибыль,-95 834,-133 967,-114 628,8 832,12 570,
EBITDA,,,45 730,66 164,81 106,
Денежный поток,0,5 821,12 905,28 697,35 966,
Прибыль на акцию,,,,17.12 ₽,27.76 ₽,
Количество ао,416 270 745,416 270 745,416 270 745,416 270 745,416 270 745,
Количество ап,138 756 915,138 756 915,138 756 915,138 756 915,138 756 915,
Цена ао,45 ₽,65.76 ₽,56.8 ₽,141.23 ₽,130.4 ₽,89.4 ₽
Цена ап,20.77 ₽,46.17 ₽,36.95 ₽,114.63 ₽,140.5 ₽,94.5 ₽
МУЛЬТИПЛИКАТОРЫ,,,,,,
Отчетный период,2013,2014,2015,2016,2017,2018q2
P/E,-0.23,-0.25,-0.25,8.46,5.87,
E/P,-443.38%,-396.58%,-398.41%,11.82%,17.04%,
P/B,0.81,-0.23,-0.11,-0.30,-0.30,
P/S,0.08,0.14,0.11,0.27,0.25,
P/CF,0.00,5.80,2.23,2.60,02.05,
L/A,94.13%,139.39%,176.55%,177.61%,176.50%,
NetDebt / EBITDA,,,10.78,6.71,5.39,
EV / EBITDA,,,11.41,7.84,6.30,
РЕНТАБЕЛЬНОСТЬ,,,,,,
Отчетный период,2013,2014,2015,2016,2017,2018q2
ROA,0.00%,0.00%,0.00%,2.74%,3.94%,
ROE,0.00%,0.00%,0.00%,0.00%,0.00%,
ROS,-34.14%,-54.91%,-45.28%,3.20%,4.20%,
,,,,,,
34) ммк,,,,,,
"ОТЧЕТНОСТЬ ПО МСФО, МЛН. РУБ.",,,,,,
Отчетный период,2013,2014,2015,2016,2017,2018кв2
Капитализация,74 868,189 964,298 131,376 351,496 140,
Капитал,224 532,221 741,242 007,285 727,316 610,
Обязательства,173 038,220 254,206 769,108 577,139 792,
Чистый долг,,,107 720,14 072,-819,
Активы,397 570,441 995,448 776,394 304,456 402,
Выручка,260 485,302 767,354 144,373 699,439 972,
Операционная прибыль,,,,96 412,85 048,
Чистая прибыль,-79 366,-3 392,22 377,73 432,69 429,
EBITDA,,,121 568,99 538,118 748,
Денежный поток,26 482,50 241,82 946,83 016,97 055,
Прибыль на акцию,,,,6.57 ₽,6.20 ₽,
Количество ао,11 174 330 000,11 174 330 000,11 174 330 000,11 174 330 000,11 174 330 000,
Цена ао,6.7 ₽,17 ₽,26.68 ₽,33.68 ₽,44.4 ₽,46.87 ₽
МУЛЬТИПЛИКАТОРЫ,,,,,,
Отчетный период,2013,2014,2015,2016,2017,2018кв2
P/E,-0.94,-56.00,13.32,5.13,7.15,
E/P,-106.01%,-1.79%,7.51%,19.51%,13.99%,
P/B,0.33,0.86,1.23,1.32,1.57,
P/S,0.29,0.63,0.84,01.01,1.13,
P/CF,2.83,3.78,3.59,4.53,5.11,
L/A,43.52%,49.83%,46.07%,27.54%,30.63%,
NetDebt / EBITDA,,,0.89,0.14,-0.01,
EV / EBITDA,,,3.34,3.92,4.17,
РЕНТАБЕЛЬНОСТЬ,,,,,,
Отчетный период,2013,2014,2015,2016,2017,2018кв2
ROA,0.00%,0.00%,5.02%,17.42%,16.32%,
ROE,-26.61%,-1.51%,10.09%,30.34%,24.30%,
ROS,-30.47%,-1.12%,6.32%,19.65%,15.78%,
,,,,,,
35) тмк,,,,,,
"ОТЧЕТНОСТЬ ПО МСФО, МЛН. РУБ.",,,,,,
Отчетный период,2013,2014,2015,2016,2017,2018кв2
Капитализация,80 344,55 547,46 372,79 841,75 626,
Капитал,69 700,71 498,52 086,54 514,53 755,
Обязательства,173 105,246 327,269 446,232 750,265 164,
Чистый долг,,,178 527,156 524,159 741,
Активы,242 805,317 825,321 532,287 264,318 919,
Выручка,204 843,230 373,249 674,222 570,256 023,
Операционная прибыль,,,,17 175,18 872,
Чистая прибыль,6 814,-12 373,-28 427,10 732,1 455,
EBITDA,31 158,45 232,47 447,32 148,35 299,
Денежный поток,19 483,19 450,16 925,15 343,17 776,
Прибыль на акцию,,,,10.74 ₽,1.75 ₽,
Количество ао,991 907 260,991 907 260,991 907 260,1 033 135 366,1 033 135 366,
Цена ао,81 ₽,56 ₽,46.75 ₽,77.28 ₽,73.2 ₽,61.3 ₽
МУЛЬТИПЛИКАТОРЫ,,,,,,
Отчетный период,2013,2014,2015,2016,2017,2018кв2
P/E,11.79,-4.49,-1.63,7.44,51.98,
E/P,8.48%,-22.27%,-61.30%,13.44%,1.92%,
P/B,1.15,0.78,0.89,1.46,1.41,
P/S,0.39,0.24,0.19,0.36,0.30,
P/CF,4.12,2.86,2.74,5.20,4.25,
L/A,71.29%,77.50%,83.80%,81.02%,83.14%,
NetDebt / EBITDA,5.46,5.13,3.76,4.87,4.53,
EV / EBITDA,08.04,6.36,4.74,7.35,6.67,
РЕНТАБЕЛЬНОСТЬ,,,,,,
Отчетный период,2013,2014,2015,2016,2017,2018кв2
ROA,0.00%,0.00%,0.00%,3.53%,0.48%,
ROE,0.00%,-17.75%,-39.76%,20.60%,2.67%,
ROS,3.33%,-5.37%,-11.39%,4.82%,0.57%,
,,,,,,
36) фосагро,,,,,,
"ОТЧЕТНОСТЬ ПО МСФО, МЛН. РУБ.",,,,,,
Отчетный период,2013,2014,2015,2016,2017,2018q2
Капитализация,168 350,292 411,355 089,302 771,304 584,
Капитал,59 326,35 981,60 198,88 421,98 242,
Обязательства,66 926,143 674,156 304,140 783,153 388,
Чистый долг,,,105 165,101 605,117 864,
Активы,126 252,179 655,216 502,229 204,251 630,
Выручка,104 566,123 124,189 732,187 742,181 351,
Операционная прибыль,,,,61 598,35 979,
Чистая прибыль,8 576,-13 395,36 436,59 886,25 331,
EBITDA,,,82 464,72 365,51 263,
Денежный поток,19 017,35 334,77 376,58 450,43 321,
Прибыль на акцию,,,,462.42 ₽,195.62 ₽,
Количество ао,129 500 000,129 500 000,129 500 000,129 500 000,129 500 000,
Цена ао,1300 ₽,2258 ₽,2742 ₽,2338 ₽,2352 ₽,2391 ₽
МУЛЬТИПЛИКАТОРЫ,,,,,,
Отчетный период,2013,2014,2015,2016,2017,2018q2
P/E,19.63,-21.83,9.75,05.06,12.02,
E/P,5.09%,-4.58%,10.26%,19.78%,8.32%,
P/B,2.84,8.13,5.90,3.42,3.10,
P/S,1.61,2.37,1.87,1.61,1.68,
P/CF,8.85,8.28,4.59,5.18,07.03,
L/A,53.01%,79.97%,72.20%,61.42%,60.96%,
NetDebt / EBITDA,,,1.28,1.40,2.30,
EV / EBITDA,,,5.58,5.59,8.24,
РЕНТАБЕЛЬНОСТЬ,,,,,,
Отчетный период,2013,2014,2015,2016,2017,2018q2
ROA,4.54%,0.00%,15.57%,24.91%,10.07%,
ROE,8.73%,-13.63%,37.09%,60.96%,25.78%,
ROS,8.20%,-10.88%,19.20%,31.90%,13.97%,
,,,,,,
37) русгидро,,,,,,
"ОТЧЕТНОСТЬ ПО МСФО, МЛН. РУБ.",,,,,,
Отчетный период,2013,2014,2015,2016,2017,2018q2
Капитализация,248 633,210 123,255 662,302 284,309 912,
Капитал,596 707,595 151,613 919,650 932,695 564,
Обязательства,255 339,288 619,324 218,332 514,332 687,
Чистый долг,,,149 368,132 449,99 369,
Активы,852 046,883 770,938 137,983 446,1 028 251,
Выручка,313 632,329 560,347 512,374 072,348 119,
Операционная прибыль,,,,47 539,47 792,
Чистая прибыль,20 993,24 131,27 159,39 751,22 451,
EBITDA,,,73 383,100 341,104 038,
Денежный поток,62 719,60 708,53 141,73 590,79 670,
Прибыль на акцию,,,,0.1095 ₽,0.0596 ₽,
Количество ао,386 255 464 890,386 255 464 890,386 255 464 890,386 255 464 890,426 288 813 551,
Цена ао,0.6437 ₽,0.544 ₽,0.6619 ₽,0.7826 ₽,0.727 ₽,0.5345 ₽
МУЛЬТИПЛИКАТОРЫ,,,,,,
Отчетный период,2013,2014,2015,2016,2017,2018q2
P/E,11.84,8.71,9.41,7.60,13.80,
E/P,8.44%,11.48%,10.62%,13.15%,7.24%,
P/B,0.42,0.35,0.42,0.46,0.45,
P/S,0.79,0.64,0.74,0.81,0.89,
P/CF,3.96,3.46,4.81,4.11,3.89,
L/A,29.97%,32.66%,34.56%,33.81%,32.35%,
NetDebt / EBITDA,,,02.04,1.32,0.96,
EV / EBITDA,,,5.52,4.33,3.93,
РЕНТАБЕЛЬНОСТЬ,,,,,,
Отчетный период,2013,2014,2015,2016,2017,2018q2
ROA,2.23%,2.52%,2.76%,3.95%,2.18%,
ROE,3.02%,3.47%,3.90%,5.71%,3.23%,
ROS,6.69%,7.32%,7.82%,10.63%,6.45%,
,,,,,,
38) мосбиржа,,,,,,
"ОТЧЕТНОСТЬ ПО МСФО, МЛН. РУБ.",,,,,,
Отчетный период,2013,2014,2015,2016,2017,2018q2
Капитализация,129 495,159 960,256 939,241 299,262 658,
Капитал,81 794,91 847,113 610,123 384,121 219,
Обязательства,384 670,1 385 657,1 652 708,2 318 554,2 906 491,
Активы,466 465,1 477 505,1 766 318,2 441 938,3 027 710,
Операционная прибыль,,,,43 567,38 539,
Чистая прибыль,11 582,15 993,27 852,25 183,20 255,
EBITDA,,,36 519,33 602,28 060,
Денежный поток,14 736,21 044,27 873,24 680,20 746,
Прибыль на акцию,,,,11.15 ₽,8.89 ₽,
Количество ао,2 278 636 493,2 278 636 493,2 278 636 493,2 276 401 458,2 278 636 493,
Цена ао,56.83 ₽,70.2 ₽,112.76 ₽,106 ₽,115.27 ₽,83.5 ₽
МУЛЬТИПЛИКАТОРЫ,,,,,,
Отчетный период,2013,2014,2015,2016,2017,2018q2
P/E,11.18,10.00,9.23,9.58,12.97,
E/P,8.94%,10.00%,10.84%,10.44%,7.71%,
P/B,1.58,1.74,2.26,1.96,2.17,
P/CF,8.79,7.60,9.22,9.78,12.66,
L/A,82.47%,93.78%,93.57%,94.95%,96.00%,
РЕНТАБЕЛЬНОСТЬ,,,,,,
Отчетный период,2013,2014,2015,2016,2017,2018q2
ROA,0.66%,0.71%,1.16%,0.92%,0.67%,
ROE,9.55%,13.19%,22.98%,20.77%,16.71%,
ROS,47.07%,52.62%,60.56%,,,
,,,,,,
39) овк,,,,,,
"ОТЧЕТНОСТЬ ПО МСФО, МЛН. РУБ.",,,,,,
Отчетный период,2013,2014,2015,2016,2017,2018q2
Капитализация,82 938,83 924,85 838,92 043,62 801,
Капитал,3 557,7 560,1 620,16 399,13 701,
Обязательства,62 506,98 914,118 496,131 691,139 538,
Чистый долг,45 759,59 060,67 914,69 450,78 378,
Активы,66 063,106 474,120 116,148 089,153 239,
Выручка,3 071,17 057,36 856,48 505,62 020,
Операционная прибыль,,,,7 747,7 730,
Чистая прибыль,-5 713,549,-9 676,568,-4 525,
EBITDA,,3 600,7 100,13 700,12 700,
Денежный поток,-1 504,-1 187,-1 681,3 338,-5 566,
Прибыль на акцию,,,,5.16 ₽,-39.31 ₽,
Количество ао,115 996 689,115 996 689,115 996 689,115 996 689,115 996 689,
Цена ао,715 ₽,723.5 ₽,740 ₽,793.5 ₽,541.4 ₽,423 ₽
МУЛЬТИПЛИКАТОРЫ,,,,,,
Отчетный период,2013,2014,2015,2016,2017,2018q2
P/E,-14.52,152.78,-8.87,161.91,-13.88,
E/P,-6.89%,0.65%,-11.27%,0.62%,-7.21%,
P/B,23.31,11.10,52.98,5.61,4.58,
P/S,27.01,4.92,2.33,1.90,01.01,
P/CF,-55.16,-70.68,-51.08,27.57,-11.28,
L/A,94.62%,92.90%,98.65%,88.93%,91.06%,
NetDebt / EBITDA,,16.41,9.57,05.07,6.17,
EV / EBITDA,,39.72,21.66,11.79,11.12,
РЕНТАБЕЛЬНОСТЬ,,,,,,
Отчетный период,2013,2014,2015,2016,2017,2018q2
ROA,0.00%,0.42%,0.00%,0.38%,0.00%,
ROE,-41.70%,4.01%,-70.63%,4.15%,-33.03%,
ROS,-186.02%,3.22%,-26.25%,1.17%,-7.30%,
,,,,,,